email: john.hillnob@ninjamail.org, gender: male, city: Oxford
email: linda.mellonson@ninyahoo.co, gender: male, city: Leicester
email: mary.nipson@ninyahoo.co, gender: male, city: Oxford
email: jason.castlenob@ninjamail.org, gender: female, city: Cambridge
email: diana.castlebutter@ninjamail.org, gender: male, city: Cambridge
email: mary.gradnip@hotsumo.com, gender: male, city: Oxford
email: john.nipwhale@ninyahoo.co, gender: male, city: Newcastle
email: john.hillwhale@hotsumo.com, gender: male, city: Newcastle
email: tim.nobwhale@hotsumo.com, gender: female, city: Leicester
email: tim.whalenob@dojobox.net, gender: female, city: Newcastle
email: anna.castlemellon@ninjamail.org, gender: female, city: London
email: diana.castlecastle@ninjamail.org, gender: female, city: Newcastle
email: diana.nobsmith@ninyahoo.co, gender: female, city: Leicester
email: carol.whalenob@ninyahoo.co, gender: female, city: London
email: anna.gradhill@hotsumo.com, gender: female, city: London
email: john.castlebutter@ninyahoo.co, gender: female, city: London
email: mary.nobmellon@ninjamail.org, gender: female, city: London
email: carol.smithgrad@dojobox.net, gender: female, city: Newcastle
email: david.hillcastle@ninyahoo.co, gender: male, city: London
email: maggie.smithgrad@dojobox.net, gender: male, city: Newcastle
email: anna.nipsmith@ninyahoo.co, gender: female, city: London
email: diana.underbutter@ninyahoo.co, gender: male, city: Leicester
email: maggie.butterson@ninjamail.org, gender: male, city: Leicester
email: mary.scotchnob@dojobox.net, gender: female, city: Leicester
email: tim.butternip@ninyahoo.co, gender: female, city: Oxford
email: john.whalescotch@hotsumo.com, gender: female, city: Oxford
email: diana.melloncastle@ninyahoo.co, gender: female, city: Newcastle
email: diana.scotchcastle@ninyahoo.co, gender: female, city: Oxford
email: carol.smithsmith@ninjamail.org, gender: male, city: Newcastle
email: mary.castlenob@ninjamail.org, gender: female, city: Newcastle
